home, away, result, us, B365, BW, IW, LB, PS, WH, VC
Arsenal, Leicester,H, 0.423274143027, 0.518754988029, 0.525291828794, 0.521251002406, 0.526742301459, 0.529775715391, 0.511508951407, 0.518754988029
Chelsea, Burnley,A, 0.229989524747, -0.0856406163669, -0.0325716726899, -0.0657470855483, -0.0982576985413, -0.0835517725533, -0.0834277574541, -0.0923561230824
Everton, Stoke,H, 0.229109477745, 0.425470494744, 0.476687586569, 0.415022145221, 0.400791731116, 0.428793906459, 0.430590934135, 0.418754988029
Southampton, Swansea,D, 0.18627455485, 0.219199867682, 0.303826739551, 0.2754872615, 0.197251908108, 0.226782171337, 0.216687190819, 0.284225840047
Watford, Liverpool,D, 0.171535700387, 0.0669156037221, 0.15063525019, 0.140352126365, 0.0389405624612, 0.102425396037, 0.0610095351415, 0.112552020304
West Brom, Bournemouth,H, 0.572193913894, 0.433582270389, 0.139140997316, 0.123209269222, 0.0271758565788, 0.465859063819, 0.0493816281648, 0.0935150662168
Man United, West Ham,H, 0.963576768855, 1.06350353023, 0.757813663233, 0.690723946326, 0.639545727981, 1.07336186337, 0.685219778454, 0.721930366763
Newcastle, Tottenham,A, 0.719861628488, 1.5545749588, 1.2475524692, 1.16363035027, 1.1171006468, 1.55708699899, 1.16368867798, 1.21300179533
Bournemouth, Watford,A, 0.575692888484, 1.34624162547, 1.03062125227, 0.932051402898, 0.917100646797, 1.33395496215, 0.944437341077, 1.004668462
Burnley, West Brom,A, 0.233374165171, 1.28168896409, 0.967037437243, 0.839565853765, 0.864469067849, 1.27427027746, 0.873008769648, 0.944849048909
Liverpool, Crystal Palace,H, 0.178271026355, 1.87138480518, 1.54433057387, 1.38564093909, 1.42944081926, 1.85728914539, 1.47988671975, 1.52140254026
Southampton, West Ham,H, 0.103504852978, 2.35749591629, 2.02052105006, 1.85854734303, 1.90349271547, 2.34647833458, 1.93907039322, 2.00841552727
Stoke, Arsenal,H, 0.482841369789, 2.09641217245, 1.74933460938, 1.55805473219, 1.65349271547, 2.09845461916, 1.66356018914, 1.73764328876
Swansea, Man United,A, 0.378913446314, 2.73005272544, 2.35154815105, 2.10549998767, 2.29752081851, 2.74173260524, 2.2940772131, 2.39230777321
Tottenham, Chelsea,A, 0.160710724792, 2.55544955084, 2.16235896186, 1.94994443211, 2.12625010028, 2.55561273142, 2.12741054643, 2.23029660003
Man City, Everton,D, 0.585117382594, 2.30662051103, 1.90967418612, 1.76564409081, 1.79824097307, 2.2636300662, 1.86648425811, 2.00371049731
Bournemouth, Man City,A, 0.933499114642, 2.9077134072, 2.49400773002, 2.31779133008, 2.40247058032, 2.8740410251, 2.45356840683, 2.60480339348
Crystal Palace, Swansea,A, 0.754453095164, 2.66435962397, 2.25442439669, 2.08621238271, 2.16310887819, 2.62785587759, 2.21420670471, 2.35607242902
Man United, Leicester,H, 1.14778334083, 3.28129736935, 2.86039083547, 2.68895210874, 2.76323522058, 3.24928444902, 2.80129085343, 2.96195817627
Newcastle, West Ham,H, 1.57469202933, 3.65492374297, 3.24241330738, 2.67180925159, 2.7401138333, 3.23938345892, 3.16910694539, 3.3355845499
Chelsea, Everton,H, 2.0003122997, 4.24315903709, 3.81302671679, 3.21234979214, 3.31089008901, 3.82335028684, 3.75561720932, 3.90906125241
Liverpool, Arsenal,H, 1.97528200582, 4.22176866276, 4.19291498495, 3.60123868102, 3.26594626878, 3.79551302774, 4.13979800028, 3.86558299154
Tottenham, Burnley,D, 1.86218041586, 3.84814228913, 3.89617907991, 3.36962316278, 2.8481442706, 3.44774702129, 3.76005116484, 3.46108860952
West Brom, Stoke,D, 1.85242764963, 3.80369784469, 3.87332193705, 3.74676601993, 2.81346218967, 3.40028565264, 3.73679535088, 3.42756905645
Arsenal, Bournemouth,H, 2.31240775906, 4.37116316625, 4.42089209448, 4.30123438261, 3.37056525374, 3.94318021714, 4.29389841495, 3.99503437801
Everton, Tottenham,A, 2.18416993975, 4.7754184854, 4.81649649008, 4.6901232715, 3.77940503275, 4.35704576336, 4.68715684192, 4.39928969716
Leicester, Chelsea,A, 2.11099014748, 5.22996393995, 5.26969846052, 5.14466872605, 4.22838462458, 4.81229119166, 5.13217225815, 4.84894756617
Man City, Liverpool,H, 2.0489083491, 5.64787438771, 5.68420623254, 5.55771220431, 4.6305010267, 5.23103496035, 5.54883892482, 5.27512866853
Southampton, Watford,A, 1.93158564006, 5.27448382977, 5.33260805903, 5.21817732059, 4.2706490378, 4.86143219697, 5.19322146892, 4.90173811059
Stoke, Man United,D, 1.92442588024, 5.05226160754, 5.15661454727, 5.03094327804, 4.05017659686, 4.63779719323, 4.95322146892, 4.67039482701
Burnley, Crystal Palace,H, 1.84111393476, 5.43900193904, 5.53161454727, 4.97892015665, 4.42948694168, 5.02147966291, 5.32188506339, 5.04901398069
Swansea, Newcastle,A, 1.5831654643, 5.33844327982, 5.43966052428, 4.84897665382, 4.34176764344, 4.92048077279, 5.22741501731, 4.94599046445
Crystal Palace, Southampton,A, 1.3253072428, 5.30473541465, 5.40517776566, 4.79695353244, 4.330071737, 4.88344373575, 5.19212089966, 4.91774187688
Liverpool, Burnley,D, 1.18598384344, 4.95973787892, 5.07640343636, 4.55155475943, 4.00112436858, 4.54329149978, 4.80939810032, 4.57206286453
Newcastle, Stoke,H, 1.62306615284, 5.33626058102, 5.07072161818, 4.53441190229, 4.37321739184, 4.92518995453, 5.18870844515, 4.94858556664
Tottenham, Swansea,D, 1.48828065963, 4.99173000393, 4.77398571313, 4.26691047941, 3.96817688779, 4.59261592264, 4.84251655593, 4.60405498955
Watford, Man City,A, 1.84402514201, 5.54286288819, 5.35831925704, 4.81298556473, 4.54018227137, 5.17703922823, 5.38196362269, 5.18580636738
West Brom, West Ham,D, 2.23987475331, 5.52625159251, 5.35260497132, 5.19012842187, 4.52862157773, 5.15937918408, 5.35897511694, 5.1691950717
Chelsea, Arsenal,D, 2.17776289535, 5.47770790319, 5.31319610433, 5.10722686747, 4.48270321038, 5.10649456869, 5.25693430061, 5.12065138238
Man United, Everton,H, 2.16315671159, 6.07975486286, 5.92519120837, 5.65330195279, 5.10266601261, 5.72822380646, 5.91052907185, 5.76650714126
Everton, Bournemouth,H, 2.6069469413, 6.58414082777, 6.42977836433, 6.14632520861, 5.59230819717, 6.21873871161, 6.42120688058, 6.27000976823
Leicester, Liverpool,A, 2.43422078427, 6.99786433937, 6.84557878013, 6.55936868687, 6.01115636471, 6.64446154312, 6.84628658303, 6.69702069176
Man City, Crystal Palace,H, 3.01826323882, 7.65125575194, 7.45409804991, 7.23479082571, 6.69675871535, 7.26840758022, 7.55478860732, 7.36107140109
Southampton, Man United,A, 3.42869586165, 8.14989582447, 7.94705579639, 7.70769722965, 7.17532302242, 7.75833432014, 8.03881571284, 7.85512446605
Stoke, Chelsea,A, 3.83951659814, 8.66184121696, 8.4536637259, 8.21662580108, 7.67532302242, 8.24969874156, 8.57357507113, 8.35643222542
Swansea, Watford,A, 3.79356405671, 8.56128255775, 8.35652086876, 8.08668229825, 7.57067185963, 8.15414318601, 8.47012679526, 8.25398233678
West Ham, Tottenham,A, 3.69083382174, 9.06421633813, 8.84759229733, 8.5578361444, 8.06751016135, 8.65330425983, 8.96562229076, 8.75818401745
Arsenal, West Brom,H, 4.1102399043, 9.6811540835, 9.41799646943, 9.12535082151, 8.66763650374, 9.24818825745, 9.55270643949, 9.36758622291
Bournemouth, Leicester,D, 4.5778075598, 10.0612710426, 9.80623176355, 9.50907175174, 9.06070008755, 9.63658111459, 9.9457700233, 9.76084464987
Chelsea, Man City,A, 4.51621213612, 9.99694355719, 9.72051747783, 9.43349035639, 8.9851186922, 9.54890075943, 9.88763048842, 9.68084464987
Man United, Crystal Palace,H, 5.00796365529, 10.6443324221, 10.3898886746, 10.0672039179, 9.70503641589, 10.2252980538, 10.5630377192, 10.3979241805
Stoke, Southampton,H, 4.7763873881, 10.5564074514, 10.3075357334, 10.0145723389, 9.62901302408, 10.129315911, 10.4816423704, 10.318197529
West Brom, Watford,D, 5.12829650414, 10.5225091463, 10.2618214477, 10.3952541571, 9.57187016694, 10.0681137252, 10.4473566561, 10.2635527203
West Ham, Swansea,H, 5.01002477167, 10.9816928198, 10.7257389735, 10.8268331045, 10.019238588, 10.5412320048, 10.8955968218, 10.7235527203
Everton, Burnley,A, 4.7973108761, 10.6114568851, 10.3671437794, 10.5095254122, 9.66362113209, 10.1545767439, 10.5052224902, 10.3443933508
Newcastle, Liverpool,D, 4.76688759546, 10.4968437046, 10.2734230671, 10.4253669963, 9.59499368111, 10.0707116573, 10.3856052653, 10.2343016076
Burnley, West Ham,D, 4.66906528167, 10.8661618864, 10.6491456105, 10.8090879265, 9.96185758644, 10.4352714767, 10.7542688598, 10.6036197895
Crystal Palace, Chelsea,H, 4.45424663577, 10.3726553929, 10.1517497771, 10.3638324521, 9.46880203088, 9.95917720058, 10.2344732021, 10.1180627056
Liverpool, Man United,D, 4.34222424704, 10.7398870313, 10.5332526673, 10.7475533823, 9.85521889271, 10.3330510745, 10.602289294, 10.5022434965
Man City, Stoke,H, 4.96500281455, 11.4036038455, 11.1453414202, 11.3812669438, 10.464232291, 10.9950603892, 11.2876678841, 11.1172941477
Tottenham, Bournemouth,H, 5.48303784438, 12.0234385562, 11.7692273382, 11.9840066698, 11.1250252425, 11.6065497509, 11.8867462251, 11.7158208512
Watford, Arsenal,H, 5.45554478007, 11.7028686542, 11.4383248769, 11.7004245803, 10.8042705256, 11.2717671422, 11.5439900414, 11.3790152957
Southampton, Newcastle,D, 5.35476245688, 11.6129585643, 11.3368020343, 11.6095154894, 10.6912181104, 11.1484661713, 11.4535377801, 11.2554975091
Leicester, West Brom,D, 5.79081421246, 11.5300570099, 11.2516956513, 11.5463575946, 10.620179859, 11.057837953, 11.3897079928, 11.1920054456
Chelsea, Watford,H, 6.13626078087, 12.1321039695, 11.8446443692, 12.09243268, 11.2138474052, 11.6378768382, 11.9756454928, 11.7817012867
Man City, Burnley,H, 6.6537686749, 12.7968955829, 12.5272382259, 12.7678548188, 11.8962621033, 12.2711367501, 12.6956676474, 12.4173557219
Newcastle, Crystal Palace,H, 7.16090620147, 13.2298852737, 12.9611006598, 13.1994337662, 12.3286945358, 12.7037898114, 13.1448655083, 12.8600960082
Southampton, West Brom,H, 7.12268902485, 13.7303619181, 13.4512967382, 13.6310127135, 12.8237440407, 13.2130662492, 13.6336240616, 13.3726775552
Stoke, Bournemouth,A, 6.92774948267, 13.5723532601, 13.3164652775, 13.4353605396, 12.676016768, 13.0618783442, 13.4891796171, 13.2159207985
Swansea, Leicester,A, 6.60359465101, 13.5200210644, 13.2586618093, 13.3313142968, 12.6292331423, 13.0078242902, 13.465977761, 13.1686235012
Everton, Arsenal,A, 6.4691501417, 13.9219298661, 13.671360222, 13.7443577751, 13.0248375379, 13.4082413913, 13.8937852476, 13.5852901678
Tottenham, Liverpool,H, 6.95926555631, 13.9098948552, 14.0512484902, 13.7387080576, 12.9909392328, 13.3844318675, 14.2805255791, 13.5635510374
Arsenal, Swansea,H, 7.38655026746, 14.5024874478, 14.6265909559, 14.3414477836, 13.6183523602, 13.9955681283, 14.8931551738, 14.1753157433
Bournemouth, Chelsea,A, 7.35570865297, 15.0105314782, 15.1008456985, 14.850376355, 14.0896058946, 14.4803903312, 15.3790208982, 14.6510866684
Crystal Palace, West Ham,D, 7.81256736255, 15.0105314782, 15.4779885556, 15.2318792452, 14.0896058946, 14.4770827237, 15.7540208982, 14.6510866684
Man United, Tottenham,H, 8.24632242308, 15.4171838388, 15.8887993664, 15.2262295277, 14.4850861206, 14.8692820737, 16.1474635212, 15.0445292913
Watford, Stoke,A, 8.08078995495, 15.231605896, 15.7040167577, 15.0706739721, 14.2982729338, 14.6795010518, 15.9646678223, 14.8508120139
West Brom, Man City,A, 8.48745797879, 15.8173353955, 16.3092799156, 15.6734136982, 14.9466519861, 15.2848669054, 16.572262759, 15.477318038
Leicester, Everton,H, 8.47882361598, 16.2214302231, 16.7070699709, 15.6677639807, 15.3330156225, 15.6820831795, 16.9590030905, 15.8686223858
Burnley, Newcastle,H, 8.38640957605, 16.1645474017, 16.637705809, 15.5921825853, 15.2797611846, 15.632477768, 16.9129201411, 15.8040697244
Newcastle, Bournemouth,A, 8.33569950125, 15.937743278, 16.4207745921, 15.3606036379, 15.0689503738, 15.3911335725, 16.7001541837, 15.5772656007
Southampton, Burnley,A, 8.30167295107, 15.5313620857, 16.0043923395, 15.0601110271, 14.6738108599, 14.9630263426, 16.2862724356, 15.1697025755
Stoke, Leicester,D, 8.29061411849, 15.9026939141, 16.3858952297, 15.4416139173, 15.051614874, 15.3376045203, 16.6540885276, 15.5425839314
West Ham, Liverpool,A, 8.71193054716, 16.3697757647, 16.8510115088, 15.9145203212, 15.5326509517, 15.8197318089, 17.1140701283, 16.0229332764
Chelsea, Man United,H, 9.13741564934, 16.7293263265, 16.8278901215, 15.9028924142, 15.5209550453, 15.8141327048, 17.102706492, 16.0150057566
Everton, Watford,H, 9.53738986841, 17.1210564679, 17.2234945171, 16.2917813031, 15.9073186817, 16.2104609985, 17.5004965472, 16.4150057566
Man City, Arsenal,H, 9.98754120281, 17.6422517424, 17.7630628624, 16.7587416556, 16.4191297053, 16.7474721717, 18.0291974535, 16.9358390899
Tottenham, Crystal Palace,H, 10.4300172243, 18.2646583814, 18.365472501, 17.3377804512, 17.0378023712, 17.3442113021, 18.6678350267, 17.5475412176
Arsenal, Tottenham,H, 10.7718685597, 18.1856817407, 18.3022541102, 17.2458264282, 16.9568775157, 17.2667776738, 18.5882895722, 17.4697634398
Burnley, Swansea,H, 11.1852004636, 18.6139472653, 18.7261671536, 17.7041597615, 17.3854489443, 17.7112221183, 19.0183970991, 17.9128014145
Crystal Palace, Everton,D, 11.6126569819, 18.609467982, 19.0975957251, 18.0820667382, 17.3738210373, 17.7001967599, 19.0183970991, 17.8961901188
Leicester, Man City,A, 12.0134710725, 19.1824474754, 19.6280997039, 18.6281418236, 17.9393566328, 18.2560249808, 19.6177661842, 18.4691696122
Liverpool, Southampton,H, 12.522017107, 19.767242797, 20.2010163705, 19.1798659615, 18.5107852042, 18.8256701845, 20.1959974767, 19.0666538889
Man United, Newcastle,H, 12.9715208311, 20.4162692573, 20.822302162, 19.7774755232, 19.1781363336, 19.5077984246, 20.8695726063, 19.6965751487
West Brom, Chelsea,A, 12.9682611873, 20.9530157478, 21.3289100915, 20.3051350977, 19.7100512272, 20.0390484246, 21.4171715953, 20.2187138288
Watford, West Ham,H, 12.9124941067, 21.3540852666, 21.7377498705, 20.2994853802, 20.1011126797, 20.4413838811, 21.8084759432, 20.6165632911
West Ham, Leicester,D, 13.3236286305, 21.7375694295, 22.1192527607, 20.6809882704, 20.4804230245, 20.8152577549, 22.1762920351, 21.0007440821
Crystal Palace, Stoke,H, 13.2112195734, 22.1568566412, 22.5386075994, 21.0698771593, 20.8947876654, 21.2372472837, 22.6110746438, 21.4195922496
Liverpool, Chelsea,D, 13.1395457167, 22.5464670308, 22.9296690519, 21.0586412042, 21.2970223023, 21.6279054578, 22.5779254725, 21.8087814388
Newcastle, Watford,A, 13.0171707436, 22.405162683, 22.7948375912, 20.9030856487, 21.1557793644, 21.4754730254, 22.4382606681, 21.6566075258
Swansea, Bournemouth,D, 13.4363791441, 22.7732261031, 23.1553027075, 21.2845885388, 21.5204852468, 21.8441314245, 22.80607676, 22.0259257076
Tottenham, West Brom,D, 13.3613794801, 22.3431185763, 22.8095707094, 21.0391897658, 21.1407384113, 21.4706208837, 22.3692951508, 21.6966574149
Burnley, Arsenal,A, 13.3408618632, 22.8618735643, 23.3010237009, 21.5481183372, 21.6486889414, 21.9630958001, 22.8790657541, 22.2110607071
Southampton, Everton,H, 13.0755485228, 23.334981134, 23.7642663998, 21.9611618155, 22.1214535868, 22.4442552204, 23.3425055069, 22.7048878676
Leicester, Tottenham,H, 13.4682912708, 23.0295300062, 23.4715834729, 21.6705214214, 21.8329920483, 22.154236388, 23.046389002, 22.3997235483
Watford, Man United,A, 13.8821174371, 23.5129554205, 23.9500523725, 22.1512906522, 22.3144735298, 22.6353174691, 23.5225794782, 22.882260313
West Brom, Newcastle,D, 14.3440709402, 23.4683623325, 23.9271952296, 22.1455103054, 22.2805752247, 22.6044464658, 23.4887956944, 22.8599885981
Bournemouth, Burnley,A, 14.0945919498, 23.2286503983, 23.7037909743, 21.9788436387, 22.0577491378, 22.3539393664, 23.2531936002, 22.6205230277
Chelsea, Swansea,H, 14.6190714999, 23.8780010477, 24.3789137239, 22.6396365902, 22.7698930658, 23.0079913541, 23.9277967748, 23.3280701975
Everton, West Ham,H, 14.5894196875, 24.245598813, 24.3675500875, 22.6339868727, 22.7524512054, 23.3805188267, 24.2985832917, 23.7025195367
Man City, Southampton,H, 15.1555430591, 24.8656897597, 25.0298017431, 23.2677004342, 23.4275902046, 23.9955884417, 24.9731864663, 24.3223542475
Stoke, Liverpool,A, 15.1425804584, 25.3836180466, 25.5327355235, 23.7953600087, 23.9382285024, 24.5046650005, 25.4719395835, 24.8370019118
Arsenal, Man United,A, 14.9806459283, 25.2835055606, 25.4407815005, 23.7144351532, 23.8297104161, 24.3957761116, 25.3914798134, 24.7308566604
Chelsea, Newcastle,H, 15.5730608419, 25.94284622, 26.0460446584, 24.3171748792, 24.4879382642, 25.0406402296, 26.033455122, 25.397523327
Leicester, Burnley,H, 15.9952449201, 26.4222326054, 26.5092873573, 24.7487538266, 24.9679382642, 25.5206782524, 26.5165469094, 25.8769097125
Stoke, Swansea,H, 16.4449774997, 26.8795496786, 26.9566557784, 25.1803327739, 25.4171983065, 25.9826021001, 26.9563374853, 26.3392212703
Watford, Tottenham,D, 16.8021830588, 26.7862660965, 26.8746885653, 25.089423683, 25.3348339654, 25.8954877625, 26.8423773714, 26.2561187772
West Brom, Crystal Palace,D, 17.2415994503, 26.7862660965, 26.8746885653, 25.4498887993, 25.3230692595, 25.8865392166, 26.8423773714, 26.2561187772
Bournemouth, Southampton,D, 17.6529200116, 27.1672743028, 27.2351536815, 25.8219818226, 25.6856423589, 26.2475257637, 27.1986992105, 26.6233504156
Man City, West Ham,H, 18.1646518653, 27.8020989703, 27.8793254607, 26.4859924467, 26.3914101856, 26.8275376614, 27.8729882753, 27.2888226449
Burnley, Watford,H, 18.6720398136, 27.7738503827, 27.8562040734, 26.4686514063, 26.3797822787, 26.8017239689, 27.835692238, 27.2775866899
Crystal Palace, Bournemouth,D, 18.6260637512, 27.7214394812, 27.8024406325, 26.4353180729, 26.319008798, 26.7303692637, 27.7712454066, 27.2560813135
Newcastle, Leicester,A, 18.4829411581, 27.6453031176, 27.7272961239, 26.3655506311, 26.2312894998, 26.6540505207, 27.6835261084, 27.1802036238
Swansea, West Brom,H, 18.4738331809, 27.6339394812, 28.0761333332, 26.336310865, 26.576527595, 27.0016803175, 27.6717614025, 27.5324763511
Tottenham, Stoke,H, 18.3232475145, 28.2196689807, 28.6891397297, 26.9191329509, 27.1952002609, 27.5878493625, 28.2745011285, 28.1257881095
West Ham, Chelsea,H, 18.1702051553, 27.7752245363, 28.2497457904, 26.52338827, 26.7621293948, 27.1499360635, 27.8345011285, 27.6846116389
Liverpool, Everton,D, 17.9375497241, 27.5020004925, 27.9818886475, 26.3741345387, 26.4527930618, 26.8724191099, 27.5277526622, 27.4532640391
Man United, Man City,A, 18.3279338706, 27.4899654816, 27.9487394762, 26.3569916816, 26.429935919, 26.8594180265, 27.5164532272, 27.4311645916
Southampton, Arsenal,D, 18.7528560913, 27.4641922857, 27.9066784878, 26.3135134207, 26.4027620059, 26.8532004099, 27.4949709501, 27.4000765087
Burnley, Stoke,H, 19.2288652474, 27.8602318897, 28.3021587138, 26.2961723802, 26.8005520612, 27.2466430328, 27.8742812949, 27.8076852043
Crystal Palace, Watford,H, 19.6883474769, 27.8325770224, 28.2853047812, 26.6603342299, 26.7672187278, 27.2280434705, 27.8465035171, 27.7857071824
Liverpool, West Brom,D, 19.5483766402, 27.4880464453, 27.9857656107, 26.3863616272, 26.3927693886, 26.9051850977, 27.5016759309, 27.5029550617
Man United, Bournemouth,H, 20.0681578345, 28.1104530843, 28.6070514022, 26.9891013532, 27.0317470244, 27.5117510174, 28.1403135041, 28.1436647709
Newcastle, Everton,A, 19.9423246114, 28.0096692098, 28.5047786749, 26.9077060044, 26.9334811284, 27.4108640995, 28.0494044132, 28.0325536598
Southampton, Leicester,A, 19.8296043539, 27.8188376533, 28.324450806, 26.7263873231, 26.7511606865, 27.2161272574, 27.860215224, 27.8410642981
Swansea, Man City,A, 20.2198675418, 28.4781783126, 28.9518639334, 27.3291270491, 27.3940884807, 27.8411272574, 28.5021905327, 28.5004049575
West Ham, Arsenal,D, 20.5929954694, 28.3836688617, 28.8570129849, 27.2352303355, 27.2830801551, 27.7607779124, 28.3676613847, 28.4034886579
Arsenal, Newcastle,H, 21.0757461945, 29.0273470226, 29.4882596972, 27.8379700615, 27.9250554637, 28.3536134321, 29.0096366933, 29.0628293173
Chelsea, Southampton,H, 21.5562188334, 29.6121423442, 30.0602650808, 28.385415317, 28.5112623603, 28.9278449559, 29.5955741933, 29.674076261
Leicester, Crystal Palace,A, 21.333987948, 29.350881083, 29.8154091137, 28.1315293066, 28.2625740077, 28.664271412, 29.3471142344, 29.4129044636
Man City, Tottenham,H, 21.8527018806, 29.8451150203, 30.3112768823, 28.6643161919, 28.7612730537, 29.1572870242, 29.8458673516, 29.9169367217
Stoke, West Ham,A, 21.6658405904, 29.7118551085, 30.1764454216, 28.5294847312, 28.6348362721, 29.0311905329, 29.733507801, 29.7947144994
Bournemouth, Liverpool,A, 21.5861845142, 30.2306100965, 30.6833391767, 29.0571443057, 29.1420213946, 29.5439121983, 30.2322609182, 30.3105875153
West Brom, Man United,A, 22.0267319631, 30.7678001791, 31.2019217177, 29.5848038801, 29.672994846, 30.070446195, 30.7775629317, 30.847777598
Everton, Swansea,H, 22.4513385234, 31.2691675447, 31.7079014785, 30.0655731109, 30.1787751928, 30.5731984886, 31.2854115004, 31.3546900404
Arsenal, Liverpool,D, 22.416866144, 31.672303043, 32.1169923876, 30.4470760011, 30.5977696062, 30.9826907623, 31.6921911615, 31.7690546812
Burnley, Tottenham,A, 22.247639668, 32.2213226508, 32.6725479432, 30.9400992569, 31.1577696062, 31.5275130189, 32.2580763676, 32.3180742891
Everton, Chelsea,D, 22.0826363946, 32.0386386681, 32.4746587611, 30.8535607953, 30.9724169841, 31.3569703832, 32.1031082728, 32.1189217467
Leicester, Man United,D, 21.9625980275, 31.9486386681, 32.3890917508, 30.7828537246, 30.8992717386, 31.2881081078, 32.0178926671, 32.0167816689
Man City, Bournemouth,H, 22.4701015557, 32.6035361625, 33.0538316352, 31.4468643488, 31.5818655952, 31.9156605173, 32.7003073652, 32.6633939826
Stoke, West Brom,H, 22.4140356849, 32.990704304, 33.4358541071, 31.4298188943, 31.9704370238, 32.3057704074, 33.0935657922, 33.0488565377
Swansea, Crystal Palace,D, 22.8295703464, 32.98063719, 33.4243598543, 31.7902840105, 31.9588763302, 32.2980098752, 33.0708385195, 33.0266343155
West Ham, Newcastle,A, 22.461354596, 32.7898056335, 33.2485356784, 31.5587050632, 31.7810985524, 32.1143580705, 32.8905106506, 32.8351449538
Bournemouth, West Ham,D, 22.9055848123, 33.1623990649, 33.6206287017, 31.9424259934, 32.1479624577, 32.4811752263, 33.2689510176, 33.2080263097
Liverpool, Swansea,H, 23.3694080752, 33.8139765684, 34.2897064594, 32.6032189449, 32.8447109647, 33.1529504498, 33.9185497948, 33.8821078736
Man United, Burnley,D, 23.1842447926, 33.4403501947, 33.9272064594, 32.3292463422, 32.4236822892, 32.7668451866, 33.5728707825, 33.5688548615
Tottenham, Southampton,H, 23.1837308276, 34.0423971544, 34.499211843, 32.8766915977, 33.0173498354, 33.3352862513, 34.207608232, 34.1709018212
Watford, Leicester,H, 23.1371320073, 33.9716900837, 34.4134975572, 32.8246684763, 32.9359544866, 33.2739023227, 34.1483827194, 34.0922501358
West Brom, Everton,D, 23.510327456, 34.3336810339, 34.4020033044, 33.202575453, 32.9241897807, 33.2672133595, 34.5161988114, 34.0843672529
Newcastle, Man City,A, 23.8783873196, 34.952728653, 35.0294164318, 33.7405501366, 33.5516029081, 33.872691495, 35.15817412, 34.730362085
Crystal Palace, Arsenal,A, 23.6441675787, 35.3896218569, 35.4758450032, 34.2134565405, 33.9852763775, 34.3117630617, 35.621942236, 35.1672552888
Bournemouth, Everton,H, 23.5827096409, 35.7572196222, 35.8415592889, 34.167213766, 34.3530924694, 34.6842905343, 35.598686422, 35.5347385851
Chelsea, Stoke,H, 24.0482255603, 36.4201644931, 36.5227080371, 34.7946268934, 35.0284997003, 35.3701025001, 36.2740936529, 36.1967323545
Liverpool, Leicester,H, 24.548176523, 37.0212573893, 37.0888582159, 35.3407019787, 35.6113217861, 35.9378701538, 36.843713906, 36.7978252507
Man United, Southampton,D, 24.5135284207, 36.8005764309, 36.8483194089, 35.1436216867, 35.3300511045, 35.655300255, 36.6177252055, 36.5079701782
Watford, Swansea,A, 24.2366665645, 36.4215371296, 36.4959735028, 34.8431290759, 34.989746922, 35.2935044803, 36.2973368559, 36.1479701782
Crystal Palace, Man City,D, 24.0464415186, 36.1819205162, 36.2196577133, 34.5977303029, 34.7016582793, 34.9961297786, 36.0233642532, 35.8694891656
West Brom, Arsenal,D, 24.4224462118, 36.0886369341, 36.1513650304, 34.4795037019, 34.6036190636, 34.8768472674, 35.9482139526, 35.7553339144
Burnley, Liverpool,A, 24.7982837896, 36.6441924896, 36.7048001449, 35.0071632764, 35.1364059489, 35.4272990747, 36.4938102114, 36.315035407
Everton, Man United,A, 25.1385559309, 37.1534517489, 37.2048001449, 35.4516077208, 35.6290167863, 35.9323588723, 37.0102421362, 36.8197083042
Stoke, Newcastle,A, 24.8446434269, 37.020191837, 37.0699686842, 35.321664218, 35.5255685104, 35.8131535743, 36.8866466306, 36.7172584155
Man City, Watford,H, 25.327830041, 37.6840632556, 37.7129928463, 35.9856748421, 36.2122327678, 36.4449090718, 37.5616022257, 37.4024133911
Southampton, Crystal Palace,A, 25.0498589031, 37.45801374, 37.4827089347, 35.8301192866, 35.971433609, 36.2260294038, 37.3260001314, 37.1918870753
Swansea, Tottenham,A, 25.0019979585, 38.1228336846, 38.0896453508, 36.3976339637, 36.5913964112, 36.8321248609, 37.9439776595, 37.8175981105
West Ham, West Brom,H, 24.9574816894, 38.5588677997, 38.5392819033, 36.7865228526, 37.0500828519, 37.2876804165, 38.395960958, 38.2744509024
Arsenal, Chelsea,D, 24.8389408574, 38.9535127357, 38.930086501, 37.1680257428, 37.4561153345, 37.6798591875, 38.7752713029, 38.6685950466
Tottenham, West Ham,D, 24.6580590215, 38.7216286777, 38.6586579295, 36.9837254015, 37.1467790015, 37.3607102513, 38.5439237031, 38.3575530559
Chelsea, Leicester,D, 24.558143403, 38.3935446882, 38.3480150338, 36.7880306852, 36.8374426686, 37.0518097277, 38.2349349391, 38.0465110652
Crystal Palace, Burnley,H, 24.4918888279, 38.8531973951, 38.7948235445, 37.2181382121, 37.2722252773, 37.5106093208, 38.6916859939, 38.5001193126
Newcastle, Swansea,D, 24.9212356927, 38.740392517, 38.656362006, 37.1549803174, 37.1605231496, 37.3971341435, 38.5686090708, 38.3795162976
Tottenham, Everton,H, 25.4074913641, 39.381418158, 39.2892733984, 37.7224949945, 37.8081216385, 38.0493494841, 39.207246644, 39.0202260068
Watford, Southampton,D, 25.8376841359, 39.7627454921, 39.6685837432, 38.1039978846, 38.1873515102, 38.4364462583, 39.5786752154, 39.4001142749
Bournemouth, Arsenal,H, 25.7562399365, 39.4823716604, 39.3763947365, 37.8059209616, 37.928902206, 38.1659467296, 39.3103825325, 39.1299720949
Liverpool, Man City,H, 26.184338636, 39.3226342424, 39.2190913657, 37.6695573252, 37.7746164917, 38.0120165986, 39.1755510718, 38.9753329196
Man United, Stoke,H, 26.6691489906, 39.9686290744, 39.8022556659, 38.2722970512, 38.4496839985, 38.6551753824, 39.8357623394, 39.6213277516
Arsenal, Crystal Palace,H, 27.0596630398, 40.4969309612, 40.3166589581, 38.8050839365, 38.9768535038, 39.1913424219, 40.3813585982, 40.1556788967
Burnley, Man United,A, 27.4260705555, 41.0756346649, 40.8596831853, 39.3327435109, 39.5291049906, 39.7484054706, 40.9472438044, 40.7156788967
Everton, West Brom,D, 27.8332578517, 40.98998156, 40.7618570984, 39.2765637357, 39.4616892602, 39.6813128188, 40.8499465071, 40.6404100795
Leicester, Watford,H, 28.3085777306, 41.4199716295, 41.2001162077, 39.708142683, 39.894678951, 40.1212734487, 41.2859988736, 41.0739076164
Man City, Newcastle,H, 28.7930135037, 42.120402664, 41.8311358025, 40.3582382853, 40.6145017638, 40.7865639235, 42.0058216865, 41.7478015514
West Ham, Bournemouth,D, 28.7028358745, 42.0787359973, 41.7993897707, 40.3147600245, 40.5927626334, 40.7603859131, 41.9531901075, 41.726968218
Southampton, Tottenham,D, 29.0786192705, 41.9341366942, 41.6644976844, 40.1897600245, 40.4608116437, 40.6232331353, 41.8186609595, 41.5734594461
Swansea, Liverpool,H, 28.851630013, 41.3724569042, 41.1466405415, 39.7358351098, 39.9065259295, 40.0647643361, 41.2737171393, 41.0043105099
Swansea, Arsenal,H, 28.7275692773, 40.952288837, 40.7411255375, 39.3400904289, 39.4801693403, 39.6466379081, 40.8450343646, 40.5565493159
West Ham, Crystal Palace,D, 28.6843060613, 41.3178681395, 41.111067734, 39.7238113592, 39.8515979117, 40.0184184232, 41.216462936, 40.9294306718
Chelsea, Bournemouth,A, 28.5106311947, 40.8002962546, 40.5776613813, 39.1984840968, 39.304916247, 39.4862985089, 40.6855717386, 40.3742207185
Everton, Leicester,H, 28.4574739707, 40.7345366174, 40.513707893, 39.1403445619, 39.2343280117, 39.4221093197, 40.6305258671, 40.3007743908
Man City, West Brom,H, 28.9739122822, 41.3879280299, 41.1585126093, 39.8157667007, 39.9610262739, 40.104211948, 41.2825505754, 40.9850667703
Newcastle, Burnley,D, 29.4138837808, 41.3136546177, 41.081164543, 39.7824333674, 39.8762805112, 40.0083653026, 41.2107273709, 40.8918191819
Stoke, Watford,D, 29.8322907511, 41.696586784, 41.4631870149, 39.7713222563, 40.2626441476, 40.3914821857, 41.5906156391, 41.2743328431
Tottenham, Man United,H, 30.3103229424, 42.0720020664, 41.8452094868, 39.7308598285, 40.2511498947, 40.3870962208, 41.961402156, 41.6521106208
Arsenal, Everton,H, 30.778176439, 42.7019233262, 42.4610452639, 40.2769349139, 40.8779305215, 40.9914008566, 42.5961396055, 42.2615289034
Bournemouth, Stoke,H, 30.763414618, 43.1379756928, 42.8953782525, 40.6658238028, 41.3048248651, 41.4339582991, 43.040698127, 42.6971425855
Burnley, Man City,D, 30.7329433528, 42.7928080399, 42.6041968881, 40.4815234615, 40.9405507151, 41.0822990619, 42.6947694416, 42.3521450497
Leicester, Swansea,D, 30.6319164035, 42.6378784625, 42.4480947122, 40.3632968605, 40.7942092517, 40.9224859777, 42.5491383736, 42.2012016535
West Brom, Southampton,A, 30.2720415534, 42.563217829, 42.3791291949, 40.2993433721, 40.7244418098, 40.866116192, 42.4801728564, 42.1337859232
Crystal Palace, Newcastle,D, 30.0505342508, 42.4791056794, 42.288220104, 40.2496196152, 40.6534035584, 40.7841659845, 42.4053065462, 42.0604874939
Liverpool, Tottenham,D, 29.9102961556, 42.8759310763, 42.681662727, 40.6428780422, 41.0556381953, 41.1792671559, 42.796610894, 42.464742813
Watford, Chelsea,H, 29.8169584778, 42.4847000476, 42.2987759508, 40.2915266908, 40.6978400302, 40.7983549938, 42.4196745773, 42.0878064963
Everton, Crystal Palace,H, 29.6929740695, 42.4789529212, 42.6829567418, 40.6629552622, 41.0955673029, 41.1983549938, 42.8082460059, 42.4899804094
Man City, Leicester,H, 30.1489953488, 43.1072757824, 43.2961642889, 41.2263355439, 41.7563602544, 41.8255176235, 43.4325956417, 43.1640486092
Swansea, Burnley,H, 30.6006185811, 43.4843059449, 43.6697275073, 41.5941516359, 42.1400811847, 42.2148390918, 43.8046886649, 43.5551100617
Tottenham, Arsenal,H, 31.052558982, 43.4733169339, 43.648337133, 41.5604437707, 42.1129072716, 42.1991977988, 43.7664372988, 43.5236964491
West Ham, Watford,H, 31.048177899, 43.4150418756, 43.6252157457, 41.5431027303, 42.0719715991, 42.1666865881, 43.7082977639, 43.501224539
Newcastle, Man United,H, 30.8778201286, 43.0568466638, 43.2736175722, 41.2035678465, 41.7121196102, 41.8030502244, 43.3529864086, 43.1246011624
Southampton, Liverpool,A, 31.242153589, 43.4858558569, 43.7050896534, 41.6491637015, 42.1480170461, 42.2562944992, 43.7912455179, 43.5669088547
Chelsea, West Brom,H, 31.6619870133, 44.0528296343, 44.2914088717, 42.1966089569, 42.7358455385, 42.8382880684, 44.3783296667, 44.1659000275
Bournemouth, Newcastle,D, 31.6413808208, 44.0219457153, 44.2694308497, 42.1853730019, 42.713746091, 42.8001928303, 44.3341307716, 44.1443946511
Burnley, Southampton,D, 32.0311159794, 44.3750208861, 44.6124541055, 42.5574660251, 43.0687756768, 43.1486091199, 44.7001284104, 44.494677137
Leicester, Stoke,D, 32.5675890621, 44.2497906835, 44.4930653758, 42.4392394241, 42.9437756768, 42.9944201716, 44.597689386, 44.3807170231
Liverpool, West Ham,H, 32.9953625554, 44.848317387, 45.1151851915, 43.0419791502, 43.5711888042, 43.6301904065, 45.2220390218, 45.0267118551
Watford, Everton,H, 32.8142296678, 45.2312495533, 45.5084436184, 43.013243518, 43.9597602328, 44.0173921419, 45.5970390218, 45.420154478
Crystal Palace, Tottenham,A, 33.2691011318, 45.7868051089, 46.0596247208, 43.5460304032, 44.4903724777, 44.5520829413, 46.129825907, 45.9716250663
Man United, Chelsea,H, 33.7630531065, 46.1739732505, 46.4506861733, 43.9392888302, 44.8675153348, 44.9400610834, 46.5091362519, 46.3494028441
Arsenal, Man City,A, 33.7465304528, 46.614286362, 46.8915679368, 44.3635312544, 45.2939112739, 45.3787584014, 46.9577902897, 46.7917105364
Burnley, Everton,H, 33.7152507305, 46.9843651022, 47.2593840288, 44.2937638126, 45.6703818621, 45.7611441316, 47.3327902897, 47.1694883141
Leicester, Bournemouth,D, 34.1436255072, 46.9101076764, 47.2386586402, 44.2306059178, 45.6279640467, 45.6775649772, 47.2423380284, 47.1005227969
Liverpool, Newcastle,H, 34.6342719507, 47.5561025085, 47.8607784559, 44.8333456439, 46.2887569982, 46.2927482233, 47.902549296, 47.7329005372
Southampton, Stoke,D, 35.0240311287, 47.4165676248, 47.7360183791, 44.7504440895, 46.1528346681, 46.1311043877, 47.7165027844, 47.5787754239
Swansea, West Ham,H, 35.4608339276, 47.3883190372, 47.7128969918, 44.7333012323, 46.5057758446, 46.1130660562, 47.7050085315, 47.5561253673
Watford, West Brom,H, 35.9098385628, 47.8057010114, 48.1430045187, 45.1463447106, 46.9102702266, 46.5216682068, 48.1180520098, 47.9732376667
Man City, Chelsea,H, 36.4357627972, 48.3137450419, 48.6340759473, 45.6114609897, 47.4071085283, 47.0266598873, 48.6344031286, 48.4774393474
Crystal Palace, Man United,A, 36.3951399102, 48.8706265057, 49.1699374477, 46.1391205641, 47.9519534571, 47.5591900078, 49.1729283978, 49.0273215155
Chelsea, Crystal Palace,H, 36.3570113043, 49.5005477656, 49.7768738639, 46.7066352412, 48.5794491787, 48.1739657334, 49.7909059259, 49.6760241103
Man United, Liverpool,H, 36.3368287983, 49.4285567644, 49.707509702, 46.6601236133, 48.4998238859, 48.1087238886, 49.7344087508, 49.6025777826
Newcastle, Southampton,H, 36.76094791, 49.3818597257, 49.6726259811, 46.6019840784, 48.4527650624, 48.0770496805, 49.6999259921, 49.5571232372
West Brom, Leicester,A, 36.6249354235, 49.3536111381, 49.6379439001, 46.5438445436, 48.441069156, 48.0535070796, 49.6884317393, 49.5402693046
West Ham, Burnley,A, 36.4548509404, 49.2094967267, 49.4806405294, 46.388288988, 48.2982120131, 47.9133099273, 49.5439872948, 49.3974121617
Arsenal, Watford,H, 36.8360115052, 49.7475168128, 49.9950438215, 46.9210758732, 48.8207200517, 48.4538504679, 50.0895835536, 49.9178582584
Bournemouth, Tottenham,A, 37.2589136944, 50.2654450996, 50.4979776019, 47.4538627585, 49.3313583496, 48.9656801208, 50.5883366708, 50.4325059227
Stoke, Man City,A, 37.712576685, 50.924785759, 51.1253907293, 48.0566024845, 49.9915696172, 49.5851284612, 51.2303119794, 51.0599190501
Bournemouth, West Brom,H, 38.1541709152, 51.4041721444, 51.5923958055, 48.4881814319, 50.4451778646, 50.0605856316, 51.6785521451, 51.528211733
Liverpool, Watford,H, 38.6514865369, 52.0242630911, 52.2096797561, 49.1489743834, 51.1205850954, 50.6985856316, 52.3065714687, 52.1775623824
Stoke, Everton,A, 38.4929196607, 51.9353991991, 52.1177257331, 49.0346886691, 51.0382321543, 50.6092999173, 52.2135482129, 52.0879767161
Crystal Palace, Liverpool,A, 38.4803364412, 52.4835589485, 52.6542917109, 49.5864128071, 51.5390957121, 51.131687977, 52.7207333355, 52.6067317041
Everton, Man City,A, 38.8274464806, 53.0706430972, 53.2262970944, 50.169234893, 52.1392220545, 51.733323491, 53.3017312849, 53.2161339096
Man United, Swansea,H, 39.3120221443, 53.6503532421, 53.8537102218, 50.8300278445, 52.7691433144, 52.3713603008, 53.9446590792, 53.8902912129
Watford, Bournemouth,D, 39.8583596763, 54.0293855002, 54.2400738582, 50.8243135588, 53.1622068982, 52.7535188911, 54.3354636769, 54.2791801018
West Brom, Burnley,A, 39.491583543, 53.9596180583, 54.1764900432, 50.7545461169, 53.1089524603, 52.7016586882, 54.2908627379, 54.2221024762
West Ham, Southampton,H, 39.3185577735, 53.8835946665, 54.1071258813, 50.6789647216, 53.0438637029, 52.6352172467, 54.2325876796, 54.1514874421
Arsenal, Stoke,H, 39.7909057274, 54.4795422231, 54.6962497484, 51.2250398069, 53.6480933102, 53.2207877165, 54.8278257749, 54.7525803383
Chelsea, Tottenham,A, 40.1673317358, 54.3643348499, 54.5939770211, 51.1000398069, 53.5434421474, 53.1131295589, 54.7231746121, 54.6405982554
